gen,ind,condenser_p_Pa,drum_p_Pa,pr_scale,efficiency_pct,total_MW
0,0,5390.0,8000000,1.0000,54.0936,502.4
0,1,5678.5,11364712,1.0737,53.5859,497.7
0,2,13706.2,4869388,0.8953,45.9099,426.4
0,3,3357.6,6186380,0.9537,53.1498,493.7
0,4,3318.4,5988377,1.0549,54.5595,506.8
0,5,9539.3,6204406,1.0125,53.1456,493.6
0,6,12713.2,4064988,1.1641,51.6720,479.9
0,7,11377.7,7402505,0.7088,0.0000,0.0
0,8,14486.6,7365945,0.6649,0.0000,0.0
0,9,4160.6,12474944,1.0226,54.4376,505.6
0,10,12685.5,11297318,0.9754,51.9349,482.4
0,11,14677.4,7785344,0.9864,52.1511,484.4
0,12,12952.9,10185198,1.2032,51.4170,477.6
0,13,9928.2,11045718,0.6321,0.0000,0.0
0,14,5734.8,6893880,0.6559,0.0000,0.0
0,15,5793.5,5010014,0.7946,0.0000,0.0
0,16,10628.2,7648322,0.8591,40.2032,373.4
0,17,5514.1,6669778,1.2557,52.5764,488.3
0,18,10776.4,10091310,0.7198,0.0000,0.0
0,19,11749.5,5634025,0.8656,41.5082,385.5
1,0,5483.9,11102660,1.3000,52.3631,486.4
1,1,5432.9,11080018,1.2600,52.5781,488.4
1,2,12677.6,12623284,0.9561,50.9733,473.4
1,3,12706.3,7791994,1.0221,52.5966,488.5
1,4,15000.0,13086362,1.0133,52.3533,486.3
1,5,15000.0,9693429,0.9534,50.5067,469.1
1,6,6547.5,5974002,1.1823,52.6891,489.4
1,7,5763.4,5975936,0.9862,53.7452,499.2
1,8,10776.4,10091310,0.7198,0.0000,0.0
1,9,15000.0,7785344,0.9981,52.3470,486.2
1,10,3318.4,5988377,1.0549,54.5595,506.8
1,11,6732.5,11364712,1.0860,53.2257,494.4
1,12,3318.4,5988377,1.0549,54.5595,506.8
1,13,12952.9,10185198,1.2032,51.4170,477.6
1,14,3665.7,11569209,1.2323,53.3415,495.4
1,15,11610.2,6073050,1.2406,51.4055,477.5
1,16,5390.0,8000000,1.0000,54.0936,502.4
1,17,3000.0,6186380,0.9709,54.1540,503.0
1,18,3318.4,5988377,1.0549,54.5595,506.8
1,19,4160.6,12474944,1.0226,54.4376,505.6
2,0,3550.5,11491496,1.1584,53.7920,499.6
2,1,3000.0,4955172,0.9946,54.9671,510.5
2,2,3219.7,5720794,1.1907,53.7610,499.3
2,3,3000.0,7653721,0.9703,54.1260,502.7
2,4,3665.7,11569209,1.2350,53.3276,495.3
2,5,5593.5,11569209,1.2323,52.6742,489.2
2,6,5763.4,5975936,0.9862,53.7452,499.2
2,7,3000.0,7622433,0.9709,54.1540,503.0
2,8,3805.7,5996979,0.9862,54.4107,505.4
2,9,4061.6,6394322,0.8228,0.0000,0.0
2,10,8152.0,5968921,1.0588,53.1012,493.2
2,11,8136.8,5972943,1.2290,52.0752,483.7
2,12,3318.4,5988377,1.0549,54.5595,506.8
2,13,3665.7,11569209,1.2323,53.3415,495.4
2,14,3000.0,7819317,0.9709,54.1540,503.0
2,15,6547.5,5974002,1.1823,52.6891,489.4
2,16,3318.4,5230175,1.0549,54.5595,506.8
2,17,3318.4,5988377,1.0549,54.5595,506.8
2,18,3318.4,5988377,1.0549,54.5595,506.8
2,19,3318.4,5988377,1.0549,54.5595,506.8
3,0,3000.0,7622433,0.9709,54.1540,503.0
3,1,3000.0,7622433,0.9709,54.1540,503.0
3,2,4183.4,6154886,0.9290,51.2765,476.3
3,3,3232.8,6962069,0.9771,54.3022,504.4
3,4,3640.0,5559883,0.9812,54.2845,504.2
3,5,3712.9,5524873,1.0169,54.6499,507.6
3,6,3000.0,7653721,0.9703,54.1260,502.7
3,7,3318.4,5988377,1.0549,54.5595,506.8
3,8,3000.0,4955172,0.9946,54.9671,510.5
3,9,3318.4,5988377,1.0549,54.5595,506.8
3,10,3318.4,5810868,1.0549,54.5595,506.8
3,11,3318.4,5359355,1.0549,54.5595,506.8
3,12,3000.0,4489042,1.0218,54.9441,510.3
3,13,3000.0,4944514,1.0669,54.6249,507.4
3,14,3252.2,5175653,1.1213,54.1459,502.9
3,15,3000.0,5668155,1.0533,54.7239,508.3
3,16,3318.4,6018775,1.0549,54.5595,506.8
3,17,3318.4,5012703,1.0549,54.5595,506.8
3,18,3000.0,4955172,0.9946,54.9671,510.5
3,19,3318.4,5988377,1.0549,54.5595,506.8
4,0,3000.0,4228738,0.9946,54.9671,510.5
4,1,3000.0,4955172,0.9946,54.9671,510.5
4,2,3325.0,5662636,0.9580,53.3840,495.8
4,3,3368.2,5603805,0.9854,54.5691,506.8
4,4,3000.0,4554637,1.0218,54.9441,510.3
4,5,3000.0,4944514,1.0669,54.6249,507.4
4,6,3000.0,4944514,1.0669,54.6249,507.4
4,7,3000.0,4944514,1.0669,54.6249,507.4
4,8,3000.0,4284905,1.0266,54.9123,510.0
4,9,3000.0,4486509,1.0148,54.9865,510.7
4,10,3000.0,4489042,1.0218,54.9441,510.3
4,11,3000.0,4489042,1.0218,54.9441,510.3
4,12,3000.0,5510878,1.0552,54.7098,508.2
4,13,3000.0,4819709,1.0623,54.6587,507.7
4,14,3000.0,4955172,0.9946,54.9671,510.5
4,15,3000.0,4489042,1.0218,54.9441,510.3
4,16,3419.1,6562533,1.0445,54.5896,507.0
4,17,3079.8,4334100,1.0603,54.6337,507.4
4,18,3000.0,4955172,0.9946,54.9671,510.5
4,19,3000.0,4955172,0.9946,54.9671,510.5
5,0,3000.0,4468051,0.9818,54.6085,507.2
5,1,3000.0,4423263,1.0228,54.9375,510.3
5,2,3420.8,4869239,1.0968,54.2220,503.6
5,3,3000.0,4051625,1.0295,54.8930,509.9
5,4,3000.0,4489042,1.0218,54.9441,510.3
5,5,3000.0,4489042,1.0218,54.9441,510.3
5,6,3000.0,4424987,1.0225,54.9395,510.3
5,7,3000.0,4300335,1.0038,55.0152,511.0
5,8,3000.0,4486509,1.0148,54.9865,510.7
5,9,3000.0,4489042,1.0218,54.9441,510.3
5,10,3000.0,4489042,1.0218,54.9441,510.3
5,11,3000.0,4489042,1.0218,54.9441,510.3
5,12,3000.0,4486509,1.0148,54.9865,510.7
5,13,3000.0,4284905,1.0266,54.9123,510.0
5,14,3082.1,4501667,1.0428,54.7592,508.6
5,15,3056.9,4326566,1.0372,54.8110,509.1
5,16,4867.4,4532172,0.9233,50.5950,469.9
5,17,3000.0,4834936,1.0212,54.9476,510.4
5,18,3000.0,4486509,1.0148,54.9865,510.7
5,19,3000.0,4228738,0.9946,54.9671,510.5
6,0,3000.0,4680517,1.0049,55.0155,511.0
6,1,3000.0,4530010,0.9841,54.6964,508.0
6,2,3000.0,4489705,1.0117,55.0007,510.9
6,3,3000.0,4487698,1.0201,54.9548,510.4
6,4,3000.0,4300335,1.0038,55.0152,511.0
6,5,3000.0,4486509,1.0148,54.9865,510.7
6,6,3000.0,4486509,1.0148,54.9865,510.7
6,7,3056.9,4326566,1.0372,54.8110,509.1
6,8,3000.0,4274704,1.0116,55.0013,510.9
6,9,3000.0,4523365,1.0313,54.8806,509.7
6,10,3000.0,4489042,1.0218,54.9441,510.3
6,11,3000.0,4489042,1.0218,54.9441,510.3
6,12,3762.7,4000000,1.0804,54.1852,503.3
6,13,3000.0,4488279,1.0132,54.9943,510.8
6,14,3000.0,4549139,1.0150,54.9854,510.7
6,15,3000.0,4861219,1.0116,55.0011,510.9
6,16,3000.0,4000000,1.0148,54.9865,510.7
6,17,3000.0,4834936,1.0212,54.9476,510.4
6,18,3000.0,4300335,1.0038,55.0152,511.0
6,19,3000.0,4486509,1.0148,54.9865,510.7
7,0,3000.0,4521055,1.0049,55.0155,511.0
7,1,3000.0,4604620,1.0050,55.0155,511.0
7,2,3000.0,4000000,1.0068,55.0141,511.0
7,3,3000.0,4269987,1.0053,55.0154,511.0
7,4,3000.0,4486510,1.0114,55.0020,510.9
7,5,3000.0,6430028,1.0125,54.9973,510.8
7,6,3000.0,4729930,1.0119,55.0000,510.8
7,7,3000.0,5043097,1.0163,54.9786,510.6
7,8,3000.0,4489705,1.0117,55.0007,510.9
7,9,3000.0,4489705,1.0117,55.0007,510.9
7,10,3000.0,4693356,1.0069,55.0139,511.0
7,11,3000.0,4228541,1.0127,54.9966,510.8
7,12,3000.0,4489042,1.0218,54.9441,510.3
7,13,3000.0,4489042,1.0218,54.9441,510.3
7,14,3000.0,4300335,1.0038,55.0152,511.0
7,15,3000.0,4300335,1.0038,55.0152,511.0
7,16,5461.2,4486509,1.0148,54.0553,502.1
7,17,3390.2,4489705,1.0117,54.8151,509.1
7,18,3000.0,4680517,1.0049,55.0155,511.0
7,19,3000.0,4300335,1.0038,55.0152,511.0
8,0,3000.0,4269987,1.0053,55.0154,511.0
8,1,3000.0,4736480,1.0050,55.0155,511.0
8,2,3000.0,4269987,1.0053,55.0154,511.0
8,3,3000.0,4269987,1.0053,55.0154,511.0
8,4,3000.0,4270212,1.0013,55.0110,510.9
8,5,3000.0,4307301,1.0148,54.9866,510.7
8,6,3000.0,4548206,1.0049,55.0155,511.0
8,7,3000.0,4077679,1.0047,55.0155,511.0
8,8,3000.0,4420999,1.0046,55.0155,511.0
8,9,3000.0,4368519,1.0043,55.0154,511.0
8,10,3000.0,4309971,1.0040,55.0153,511.0
8,11,3000.0,4294806,1.0050,55.0155,511.0
8,12,3000.0,4387961,1.0053,55.0154,511.0
8,13,3000.0,4174926,0.9718,54.1941,503.4
8,14,3000.0,4986132,1.1669,53.9994,501.6
8,15,3000.0,4521055,1.0049,55.0155,511.0
8,16,3000.0,4690129,1.0068,55.0141,511.0
8,17,3000.0,4689129,1.0054,55.0154,511.0
8,18,3000.0,4680517,1.0049,55.0155,511.0
8,19,3000.0,4521055,1.0049,55.0155,511.0
9,0,3000.0,4736480,1.0050,55.0155,511.0
9,1,4106.3,4960783,1.0049,54.5338,506.5
9,2,3000.0,4523704,1.0049,55.0155,511.0
9,3,3000.0,4000000,1.0049,55.0155,511.0
9,4,3000.0,4087739,1.0047,55.0155,511.0
9,5,3000.0,4296952,1.0048,55.0155,511.0
9,6,3000.0,4447572,1.0048,55.0155,511.0
9,7,3000.0,4000000,1.0049,55.0155,511.0
9,8,3000.0,4398434,1.0047,55.0155,511.0
9,9,3000.0,4000000,0.9949,54.9704,510.6
9,10,3000.0,4420999,1.0046,55.0155,511.0
9,11,3000.0,4294806,1.0050,55.0155,511.0
9,12,3000.0,4534393,1.0053,55.0154,511.0
9,13,3530.1,4729289,1.0047,54.7677,508.7
9,14,3000.0,5554295,1.0053,55.0154,511.0
9,15,3000.0,4548206,1.0049,55.0155,511.0
9,16,3000.0,4313371,1.0046,55.0155,511.0
9,17,3000.0,4304686,1.0049,55.0155,511.0
9,18,3000.0,4077679,1.0047,55.0155,511.0
9,19,3000.0,4420999,1.0046,55.0155,511.0
10,0,3000.0,4080444,1.0047,55.0155,511.0
10,1,3000.0,4088232,1.0047,55.0155,511.0
10,2,3000.0,4352398,1.0047,55.0155,511.0
10,3,3000.0,4199501,1.0049,55.0155,511.0
10,4,3000.0,4313371,1.0046,55.0155,511.0
10,5,3000.0,4523704,1.0049,55.0155,511.0
10,6,3000.0,5376234,1.0049,55.0155,511.0
10,7,3000.0,5897990,1.0052,55.0154,511.0
10,8,3000.0,4277793,1.0046,55.0155,511.0
10,9,5053.1,4379868,0.9783,53.6403,498.2
10,10,3000.0,4077679,1.0047,55.0155,511.0
10,11,3000.0,4077679,1.0047,55.0155,511.0
10,12,3000.0,4555083,1.0047,55.0155,511.0
10,13,3000.0,4148881,1.0046,55.0155,511.0
10,14,3000.0,4420999,1.0046,55.0155,511.0
10,15,3000.0,4313371,1.0046,55.0155,511.0
10,16,3000.0,4161505,1.0049,55.0155,511.0
10,17,3000.0,4000000,0.8920,48.4895,450.4
10,18,3000.0,4077679,1.0047,55.0155,511.0
10,19,3000.0,4087739,1.0047,55.0155,511.0
